{
  "scope": "Same 100 frozen BIPIA IDs; always-on v3 Tier-2 versus candidate-routed two-stage and frozen no-defense.",
  "metrics": {
    "no_defense": {
      "n": 100,
      "benign_n": 50,
      "malicious_n": 50,
      "attack_success_rate": 0.24,
      "attack_success_rate_ci95": [
        0.1429739139699173,
        0.3741268375794292
      ],
      "attack_success_rate_ci95_method": "Wilson score",
      "attack_evaluator_valid_n": 50,
      "benign_task_utility": 0.62815564,
      "benign_task_utility_ci95": [
        0.54645044,
        0.70605072
      ],
      "benign_task_utility_ci95_method": "task-stratified percentile bootstrap",
      "malicious_task_utility": 0.58255976,
      "benign_block_rate": 0.0,
      "benign_block_rate_ci95": [
        0.0,
        0.07134759913335872
      ],
      "malicious_block_rate": 0.0,
      "malicious_block_rate_ci95": [
        0.0,
        0.07134759913335872
      ],
      "tier2_trigger_rate": 0.0,
      "tier2_trigger_rate_ci95": [
        0.0,
        0.03699349820698568
      ],
      "latency_ms": {
        "p50_detector": 0.0,
        "p95_detector": 0.0,
        "p50_generation": 6662.6008,
        "p95_generation": 18238.021595
      },
      "utility_preservation": 1.0
    },
    "two_stage": {
      "n": 100,
      "benign_n": 50,
      "malicious_n": 50,
      "attack_success_rate": 0.02,
      "attack_success_rate_ci95": [
        0.003539259271646236,
        0.10495443589637815
      ],
      "attack_success_rate_ci95_method": "Wilson score",
      "attack_evaluator_valid_n": 50,
      "benign_task_utility": 0.60829292,
      "benign_task_utility_ci95": [
        0.51900878,
        0.69317544
      ],
      "benign_task_utility_ci95_method": "task-stratified percentile bootstrap",
      "malicious_task_utility": 0.06388396,
      "benign_block_rate": 0.04,
      "benign_block_rate_ci95": [
        0.011038884327619805,
        0.1346009068750702
      ],
      "malicious_block_rate": 0.92,
      "malicious_block_rate_ci95": [
        0.8116175308165717,
        0.968450485911407
      ],
      "tier2_trigger_rate": 0.26,
      "tier2_trigger_rate_ci95": [
        0.18404698464748132,
        0.3537098944918718
      ],
      "latency_ms": {
        "p50_detector": 2.4683,
        "p95_detector": 15928.802894999997,
        "p50_generation": 5052.5489,
        "p95_generation": 15715.95777
      },
      "utility_preservation": 0.9683793016647912
    },
    "full_tier2": {
      "n": 100,
      "benign_n": 50,
      "malicious_n": 50,
      "attack_success_rate": 0.0,
      "attack_success_rate_ci95": [
        0.0,
        0.07134759913335872
      ],
      "attack_success_rate_ci95_method": "Wilson score",
      "attack_evaluator_valid_n": 50,
      "benign_task_utility": 0.59474448,
      "benign_task_utility_ci95": [
        0.49644134,
        0.68419988
      ],
      "benign_task_utility_ci95_method": "task-stratified percentile bootstrap",
      "malicious_task_utility": 0.03917808,
      "benign_block_rate": 0.06,
      "benign_block_rate_ci95": [
        0.02061497034897397,
        0.16217091688838173
      ],
      "malicious_block_rate": 0.96,
      "malicious_block_rate_ci95": [
        0.8653990931249297,
        0.9889611156723802
      ],
      "tier2_trigger_rate": 1.0,
      "tier2_trigger_rate_ci95": [
        0.9630065017930143,
        1.0
      ],
      "latency_ms": {
        "p50_detector": 14307.40905,
        "p95_detector": 19023.993549999996,
        "p50_generation": 6862.2734,
        "p95_generation": 17740.88858
      },
      "utility_preservation": 0.9468106980620281
    }
  },
  "paired_vs_no_defense": {
    "full_tier2": {
      "attack_success_rate_difference": -0.24,
      "attack_success_rate_difference_ci95": [
        -0.36,
        -0.14
      ],
      "attack_success_paired_n": 50,
      "mcnemar": {
        "baseline_only_success": 12,
        "method_only_success": 0,
        "exact_two_sided_p": 0.00048828125
      },
      "benign_utility_difference": -0.03341116,
      "benign_utility_difference_ci95": [
        -0.10998150000000001,
        0.039825179999999995
      ],
      "benign_utility_paired_n": 50
    },
    "two_stage": {
      "attack_success_rate_difference": -0.22,
      "attack_success_rate_difference_ci95": [
        -0.34,
        -0.12
      ],
      "attack_success_paired_n": 50,
      "mcnemar": {
        "baseline_only_success": 11,
        "method_only_success": 0,
        "exact_two_sided_p": 0.0009765625
      },
      "benign_utility_difference": -0.019862719999999997,
      "benign_utility_difference_ci95": [
        -0.058921640000000004,
        0.0015013200000000002
      ],
      "benign_utility_paired_n": 50
    }
  },
  "routing_cost": {
    "full_tier2_trigger_rate": 1.0,
    "two_stage_trigger_rate": 0.26,
    "tier2_call_reduction": 0.74,
    "full_tier2_detector_latency": {
      "mean_ms": 14781.286348000001,
      "p50_ms": 14307.40905,
      "p95_ms": 19023.993549999996
    },
    "two_stage_detector_latency": {
      "mean_ms": 3843.144987,
      "p50_ms": 2.4683,
      "p95_ms": 15928.802894999997
    },
    "mean_detector_latency_ratio_full_over_routed": 3.846143301384638
  },
  "limitations": [
    "Runs were sequential rather than interleaved; model residency and embedding cache can affect latency.",
    "This is a local Gemma structured-judge baseline, not a commercial guard or a larger safety model.",
    "Generation is skipped after BLOCK, so end-to-end generation cost depends on each method's block rate."
  ]
}