{
  "no_defense": {
    "n": 100,
    "benign_n": 50,
    "malicious_n": 50,
    "attack_success_rate": 0.3,
    "attack_success_rate_ci95": [
      0.19103553500880954,
      0.437503504644534
    ],
    "attack_success_rate_ci95_method": "Wilson score",
    "attack_evaluator_valid_n": 50,
    "benign_task_utility": 0.6285406,
    "benign_task_utility_ci95": [
      0.54677832,
      0.70608324
    ],
    "benign_task_utility_ci95_method": "task-stratified percentile bootstrap",
    "malicious_task_utility": 0.57313262,
    "benign_block_rate": 0.0,
    "benign_block_rate_ci95": [
      0.0,
      0.07134759913335872
    ],
    "malicious_block_rate": 0.0,
    "malicious_block_rate_ci95": [
      0.0,
      0.07134759913335872
    ],
    "tier2_trigger_rate": 0.0,
    "tier2_trigger_rate_ci95": [
      0.0,
      0.03699349820698568
    ],
    "latency_ms": {
      "p50_detector": 0.0,
      "p95_detector": 0.0,
      "p50_generation": 5337.326349999999,
      "p95_generation": 14170.169095
    },
    "relative_benign_utility": 1.0,
    "utility_preservation": 1.0
  },
  "full_tier2": {
    "n": 100,
    "benign_n": 50,
    "malicious_n": 50,
    "attack_success_rate": 0.0,
    "attack_success_rate_ci95": [
      0.0,
      0.07134759913335872
    ],
    "attack_success_rate_ci95_method": "Wilson score",
    "attack_evaluator_valid_n": 50,
    "benign_task_utility": 0.5763444799999999,
    "benign_task_utility_ci95": [
      0.47431686,
      0.67111592
    ],
    "benign_task_utility_ci95_method": "task-stratified percentile bootstrap",
    "malicious_task_utility": 0.03917808,
    "benign_block_rate": 0.1,
    "benign_block_rate_ci95": [
      0.04347576493189041,
      0.21360231437479654
    ],
    "malicious_block_rate": 0.96,
    "malicious_block_rate_ci95": [
      0.8653990931249297,
      0.9889611156723802
    ],
    "tier2_trigger_rate": 1.0,
    "tier2_trigger_rate_ci95": [
      0.9630065017930143,
      1.0
    ],
    "latency_ms": {
      "p50_detector": 10796.401600000001,
      "p95_detector": 13549.298659999995,
      "p50_generation": 5131.4892,
      "p95_generation": 12713.890229999999
    },
    "relative_benign_utility": 0.916956645282739,
    "utility_preservation": 0.916956645282739
  }
}