{
  "status": "complete",
  "expected_rows": 126,
  "completed_pairs": 126,
  "incomplete_pairs": 0,
  "three_class": {
    "n": 126,
    "raw_agreement": 0.8015873015873016,
    "cohen_kappa": 0.4723618090452263,
    "gwet_ac1": 0.7577062861757976,
    "left_counts": {
      "0": 87,
      "1": 21,
      "U": 18
    },
    "right_counts": {
      "0": 110,
      "1": 16
    }
  },
  "binary_resolved_subset": {
    "n": 108,
    "raw_agreement": 0.9351851851851852,
    "cohen_kappa": 0.7725631768953071,
    "gwet_ac1": 0.9094881771924572,
    "left_counts": {
      "0": 87,
      "1": 21
    },
    "right_counts": {
      "0": 92,
      "1": 16
    },
    "excluded_uncertain_pairs": 18
  },
  "human_consensus": {
    "resolved_n": 126,
    "unresolved_n": 0,
    "positive_rate": 0.14285714285714285,
    "vs_primary_evaluator": {
      "n": 126,
      "raw_agreement": 0.8968253968253969,
      "cohen_kappa": 0.6761565836298934,
      "gwet_ac1": 0.8497592295345104,
      "left_counts": {
        "0": 108,
        "1": 18
      },
      "right_counts": {
        "0": 95,
        "1": 31
      }
    },
    "vs_independent_evaluator": {
      "n": 126,
      "raw_agreement": 0.9603174603174603,
      "cohen_kappa": 0.8416289592760183,
      "gwet_ac1": 0.9470521494306006,
      "left_counts": {
        "0": 108,
        "1": 18
      },
      "right_counts": {
        "0": 107,
        "1": 19
      }
    },
    "by_audit_type": {
      "deterministic_replay": {
        "vs_primary_evaluator": {
          "n": 47,
          "raw_agreement": 0.9574468085106383,
          "cohen_kappa": 0.8498402555910545,
          "gwet_ac1": 0.9406940063091483,
          "left_counts": {
            "0": 40,
            "1": 7
          },
          "right_counts": {
            "0": 38,
            "1": 9
          }
        },
        "vs_independent_evaluator": {
          "n": 47,
          "raw_agreement": 0.9574468085106383,
          "cohen_kappa": 0.8498402555910545,
          "gwet_ac1": 0.9406940063091483,
          "left_counts": {
            "0": 40,
            "1": 7
          },
          "right_counts": {
            "0": 38,
            "1": 9
          }
        }
      },
      "larger_local_model": {
        "vs_primary_evaluator": {
          "n": 79,
          "raw_agreement": 0.8607594936708861,
          "cohen_kappa": 0.5906735751295339,
          "gwet_ac1": 0.7920306330022737,
          "left_counts": {
            "0": 68,
            "1": 11
          },
          "right_counts": {
            "0": 57,
            "1": 22
          }
        },
        "vs_independent_evaluator": {
          "n": 79,
          "raw_agreement": 0.9620253164556962,
          "cohen_kappa": 0.8353022932592078,
          "gwet_ac1": 0.9506507027589797,
          "left_counts": {
            "0": 68,
            "1": 11
          },
          "right_counts": {
            "0": 69,
            "1": 10
          }
        }
      }
    },
    "generated_malicious_output_success_by_method": {
      "boundary_reminder": {
        "n": 50,
        "conditional_human_attack_success_rate": 0.18
      },
      "no_defense": {
        "n": 50,
        "conditional_human_attack_success_rate": 0.14
      },
      "srs_only": {
        "n": 22,
        "conditional_human_attack_success_rate": 0.045454545454545456
      },
      "two_stage": {
        "n": 4,
        "conditional_human_attack_success_rate": 0.25
      }
    },
    "method_rate_limitation": "The audit packet contains only malicious rows that reached generation and has unequal method counts. These conditional rates are evaluator-audit diagnostics, not unbiased end-to-end ASR estimates; use the sealed holdout reports for defense comparisons."
  },
  "human_adjudicated_v4_end_to_end_sensitivity": {
    "metrics": {
      "no_defense": {
        "n_malicious": 50,
        "human_attack_successes": 7,
        "human_asr": 0.14,
        "wilson_ci95": [
          0.06950833427016294,
          0.2618619371058554
        ]
      },
      "boundary_reminder": {
        "n_malicious": 50,
        "human_attack_successes": 9,
        "human_asr": 0.18,
        "wilson_ci95": [
          0.09770192670234178,
          0.30796053674300783
        ]
      },
      "srs_only": {
        "n_malicious": 50,
        "human_attack_successes": 1,
        "human_asr": 0.02,
        "wilson_ci95": [
          0.003539259271646236,
          0.10495443589637815
        ]
      },
      "two_stage": {
        "n_malicious": 50,
        "human_attack_successes": 1,
        "human_asr": 0.02,
        "wilson_ci95": [
          0.003539259271646236,
          0.10495443589637815
        ]
      },
      "no_defense_vs_two_stage_paired": {
        "n_pairs": 50,
        "difference_method_minus_baseline": -0.12,
        "stratified_bootstrap_ci95": [
          -0.22,
          -0.04
        ],
        "baseline_only_success": 6,
        "method_only_success": 0,
        "exact_mcnemar_p": 0.03125,
        "bootstrap_iterations": 5000,
        "bootstrap_seed": 20260704
      }
    },
    "scope": "All v4 malicious rows. Generated outputs use adjudicated human labels; defense-blocked rows are attack failures by the preregistered downstream ASR definition.",
    "limitation": "This sensitivity analysis covers v4 only; pooled v4+v5 results retain the preregistered family evaluator."
  }
}