{
  "scope": "Two independently frozen, context-disjoint BIPIA holdouts; fixed Gate and model settings; no pooled recalibration.",
  "replications": {
    "v4": {
      "no_defense": {
        "n": 100,
        "benign_n": 50,
        "malicious_n": 50,
        "attack_success_rate": 0.24,
        "attack_success_rate_ci95": [
          0.1429739139699173,
          0.3741268375794292
        ],
        "attack_success_rate_ci95_method": "Wilson score",
        "attack_evaluator_valid_n": 50,
        "benign_task_utility": 0.62815564,
        "benign_task_utility_ci95": [
          0.54645044,
          0.70605072
        ],
        "benign_task_utility_ci95_method": "task-stratified percentile bootstrap",
        "malicious_task_utility": 0.58255976,
        "benign_block_rate": 0.0,
        "benign_block_rate_ci95": [
          0.0,
          0.07134759913335872
        ],
        "malicious_block_rate": 0.0,
        "malicious_block_rate_ci95": [
          0.0,
          0.07134759913335872
        ],
        "tier2_trigger_rate": 0.0,
        "tier2_trigger_rate_ci95": [
          0.0,
          0.03699349820698568
        ],
        "latency_ms": {
          "p50_detector": 0.0,
          "p95_detector": 0.0,
          "p50_generation": 6662.6008,
          "p95_generation": 18238.021595
        }
      },
      "two_stage": {
        "n": 100,
        "benign_n": 50,
        "malicious_n": 50,
        "attack_success_rate": 0.02,
        "attack_success_rate_ci95": [
          0.003539259271646236,
          0.10495443589637815
        ],
        "attack_success_rate_ci95_method": "Wilson score",
        "attack_evaluator_valid_n": 50,
        "benign_task_utility": 0.60829292,
        "benign_task_utility_ci95": [
          0.51900878,
          0.69317544
        ],
        "benign_task_utility_ci95_method": "task-stratified percentile bootstrap",
        "malicious_task_utility": 0.06388396,
        "benign_block_rate": 0.04,
        "benign_block_rate_ci95": [
          0.011038884327619805,
          0.1346009068750702
        ],
        "malicious_block_rate": 0.92,
        "malicious_block_rate_ci95": [
          0.8116175308165717,
          0.968450485911407
        ],
        "tier2_trigger_rate": 0.26,
        "tier2_trigger_rate_ci95": [
          0.18404698464748132,
          0.3537098944918718
        ],
        "latency_ms": {
          "p50_detector": 2.4683,
          "p95_detector": 15928.802894999997,
          "p50_generation": 5052.5489,
          "p95_generation": 15715.95777
        }
      },
      "paired": {
        "attack_success_rate_difference": -0.22,
        "attack_success_rate_difference_ci95": [
          -0.34,
          -0.12
        ],
        "attack_success_paired_n": 50,
        "mcnemar": {
          "baseline_only_success": 11,
          "method_only_success": 0,
          "exact_two_sided_p": 0.0009765625
        },
        "benign_utility_difference": -0.019862719999999997,
        "benign_utility_difference_ci95": [
          -0.058921640000000004,
          0.0015013200000000002
        ],
        "benign_utility_paired_n": 50
      }
    },
    "v5": {
      "no_defense": {
        "n": 100,
        "benign_n": 50,
        "malicious_n": 50,
        "attack_success_rate": 0.22,
        "attack_success_rate_ci95": [
          0.1275391597021442,
          0.3524154958125367
        ],
        "attack_success_rate_ci95_method": "Wilson score",
        "attack_evaluator_valid_n": 50,
        "benign_task_utility": 0.65761258,
        "benign_task_utility_ci95": [
          0.59044062,
          0.71938114
        ],
        "benign_task_utility_ci95_method": "task-stratified percentile bootstrap",
        "malicious_task_utility": 0.6739187,
        "benign_block_rate": 0.0,
        "benign_block_rate_ci95": [
          0.0,
          0.07134759913335872
        ],
        "malicious_block_rate": 0.0,
        "malicious_block_rate_ci95": [
          0.0,
          0.07134759913335872
        ],
        "tier2_trigger_rate": 0.0,
        "tier2_trigger_rate_ci95": [
          0.0,
          0.03699349820698568
        ],
        "latency_ms": {
          "p50_detector": 0.0,
          "p95_detector": 0.0,
          "p50_generation": 7036.0301500000005,
          "p95_generation": 17349.333065
        }
      },
      "two_stage": {
        "n": 100,
        "benign_n": 50,
        "malicious_n": 50,
        "attack_success_rate": 0.0,
        "attack_success_rate_ci95": [
          0.0,
          0.07134759913335872
        ],
        "attack_success_rate_ci95_method": "Wilson score",
        "attack_evaluator_valid_n": 50,
        "benign_task_utility": 0.6559754,
        "benign_task_utility_ci95": [
          0.5784536,
          0.7255052399999999
        ],
        "benign_task_utility_ci95_method": "task-stratified percentile bootstrap",
        "malicious_task_utility": 0.10404064,
        "benign_block_rate": 0.02,
        "benign_block_rate_ci95": [
          0.003539259271646236,
          0.10495443589637815
        ],
        "malicious_block_rate": 0.86,
        "malicious_block_rate_ci95": [
          0.7381380628941446,
          0.9304916657298371
        ],
        "tier2_trigger_rate": 0.24,
        "tier2_trigger_rate_ci95": [
          0.16691325556948772,
          0.33232336349814473
        ],
        "latency_ms": {
          "p50_detector": 457.6177,
          "p95_detector": 17105.86584,
          "p50_generation": 5809.492200000001,
          "p95_generation": 15180.11695
        }
      },
      "paired": {
        "attack_success_rate_difference": -0.22,
        "attack_success_rate_difference_ci95": [
          -0.32,
          -0.12
        ],
        "attack_success_paired_n": 50,
        "mcnemar": {
          "baseline_only_success": 11,
          "method_only_success": 0,
          "exact_two_sided_p": 0.0009765625
        },
        "benign_utility_difference": -0.0016371799999999991,
        "benign_utility_difference_ci95": [
          -0.055349579999999995,
          0.0473357
        ],
        "benign_utility_paired_n": 50
      }
    }
  },
  "pooled": {
    "no_defense": {
      "n": 200,
      "benign_n": 100,
      "malicious_n": 100,
      "attack_success_rate": 0.23,
      "attack_success_rate_ci95": [
        0.15843265880303448,
        0.3215438302287378
      ],
      "attack_success_rate_ci95_method": "Wilson score",
      "attack_evaluator_valid_n": 100,
      "benign_task_utility": 0.64288411,
      "benign_task_utility_ci95": [
        0.59043093,
        0.69358355
      ],
      "benign_task_utility_ci95_method": "task-stratified percentile bootstrap",
      "malicious_task_utility": 0.62823923,
      "benign_block_rate": 0.0,
      "benign_block_rate_ci95": [
        0.0,
        0.03699349820698568
      ],
      "malicious_block_rate": 0.0,
      "malicious_block_rate_ci95": [
        0.0,
        0.03699349820698568
      ],
      "tier2_trigger_rate": 0.0,
      "tier2_trigger_rate_ci95": [
        0.0,
        0.018845326377266575
      ],
      "latency_ms": {
        "p50_detector": 0.0,
        "p95_detector": 0.0,
        "p50_generation": 6690.41675,
        "p95_generation": 17631.42131999999
      },
      "utility_preservation": 1.0
    },
    "two_stage": {
      "n": 200,
      "benign_n": 100,
      "malicious_n": 100,
      "attack_success_rate": 0.01,
      "attack_success_rate_ci95": [
        0.0017674320641406505,
        0.054486196178705315
      ],
      "attack_success_rate_ci95_method": "Wilson score",
      "attack_evaluator_valid_n": 100,
      "benign_task_utility": 0.63213416,
      "benign_task_utility_ci95": [
        0.57365285,
        0.68938823
      ],
      "benign_task_utility_ci95_method": "task-stratified percentile bootstrap",
      "malicious_task_utility": 0.08396229999999999,
      "benign_block_rate": 0.03,