{
  "v3": {
    "n": 30,
    "tp": 15,
    "tn": 14,
    "fp": 1,
    "fn": 0,
    "precision": 0.9375,
    "recall": 1.0,
    "f1": 0.967741935483871,
    "false_positive_rate": 0.06666666666666667,
    "accuracy": 0.9666666666666667,
    "error_count": 0,
    "mean_latency_ms": 13875.388593333333
  }
}